ประเภท,ม.ค.-54,ก.พ.-54,มี.ค.-54,เม.ย.-54,พ.ค.-54,มิ.ย.-54,ก.ค.-54,ส.ค.-54,ก.ย.-54,ต.ค.-54,พ.ย.-54,ธ.ค.-54,ม.ค.-55,ก.พ.-55,มี.ค.-55,เม.ย.-55,พ.ค.-55,มิ.ย.-55,ก.ค.-55,ส.ค.-55,ก.ย.-55,ต.ค.-55,พ.ย.-55,ธ.ค.-55,ม.ค.-56,ก.พ.-56,มี.ค.-56,เม.ย.-56,พ.ค.-56,มิ.ย.-56,ก.ค.-56,ส.ค.-56,ก.ย.-56,ต.ค.-56,พ.ย.-56,ธ.ค.-56,ม.ค.-57,ก.พ.-57,มี.ค.-57,เม.ย.-57,พ.ค.-57,มิ.ย.-57,ก.ค.-57,ส.ค.-57,ก.ย.-57,ต.ค.-57,พ.ย.-57,ธ.ค.-57,ม.ค.-58,ก.พ.-58,มี.ค.-58,เม.ย.-58,พ.ค.-58,มิ.ย.-58,ก.ค.-58,ส.ค.-58,ก.ย.-58,ต.ค.-58,พ.ย.-58,ธ.ค.-58,ม.ค.-59,ก.พ.-59,มี.ค.-59,เม.ย.-59,พ.ค.-59,มิ.ย.-59,ก.ค.-59,ส.ค.-59,ก.ย.-59,ต.ค.-59,พ.ย.-59,ธ.ค.-59,ม.ค.-60,ก.พ.-60,มี.ค.-60,เม.ย.-60,พ.ค.-60,มิ.ย.-60,ก.ค.-60,ส.ค.-60,ก.ย.-60,ต.ค.-60,พ.ย.-60,ธ.ค.-60,ม.ค.-61,ก.พ.-61,มี.ค.-61,เม.ย.-61,พ.ค.-61,มิ.ย.-61,ก.ค.-61,ส.ค.-61,ก.ย.-61,ต.ค.-61,พ.ย.-61,ธ.ค.-61,ม.ค.-62,ก.พ.-62,มี.ค.-62,เม.ย.-62,พ.ค.-62,มิ.ย.-62,ก.ค.-62,ส.ค.-62,ก.ย.-62,ต.ค.-62,พ.ย.-62,ธ.ค.-62,ม.ค.-63,ก.พ.-63,มี.ค.-63,เม.ย.-63,พ.ค.-63,มิ.ย.-63,ก.ค.-63,ส.ค.-63,ก.ย.-63,ต.ค.-63,พ.ย.-63,ธ.ค.-63,ม.ค.-64,ก.พ.-64,มี.ค.-64,เม.ย.-64,พ.ค.-64,มิ.ย.-64,ก.ค.-64,ส.ค.-64,ก.ย.-64,ต.ค.-64,พ.ย.-64,ธ.ค.-64,ม.ค.-65,ก.พ.-65,มี.ค.-65,เม.ย.-65,พ.ค.-65,มิ.ย.-65,ก.ค.-65,ส.ค.-65,ก.ย.-65,ต.ค.-65,พ.ย.-65,ธ.ค.-65,ม.ค.-66,ก.พ.-66,มี.ค.-66,เม.ย.-66,พ.ค.-66,มิ.ย.-66,ก.ค.-66,ส.ค.-66,ก.ย.-66,ต.ค.-66,พ.ย.-66,ธ.ค. 2566 r,ม.ค.-67,ก.พ.-67,มี.ค.-67,เม.ย.-67,พ.ค.-67,มิ.ย.-67,ก.ค.-67,ส.ค.-67,ก.ย.-67,ต.ค.-67,พ.ย.-67,ธ.ค.-67
1.ประชากรอายุ 15 ปีขึ้นไป 2/,53763.98,53807.77,53851.82,53896.25,53940.9,53985.98,54031.38,54071.77,54112.65,54153.8,54195.39,54237.35,54279.62,54322.32,54365.4,54408.85,54452.7,54496.9,54541.58,54581.14,54618.56,54658.07,54699.96,54742.48,54785.67,54829.73,54874.22,54919.26,54964.9,55011.36,55051.51,55090.68,55130.31,55170.64,55211.33,55252.53,54652.22,54686.89,54722.48,54757.47,54794.02,54831.24,54867.57,54898.58,54929.02,54960.44,54992.85,55025.1,55057.31,55090.32,55123.88,55158.22,55192.55,55227.13,55262.3,55290.63,55320.02,55349.83,55380.34,55410.11,55440.13,55471.91,55502.82,55534.89,55566.33,55599.99,55633.15,55660.3,55686.53,55714.84,55742.02,55770.13,55798.82,55828.55,55857.89,55887.18,55917.44,55948.23,55979.25,56003.16,56028.57,56054.47,56079.94,56106.75,56132.06,56159.5,56187.03,56214.99,56242.08,56271.51,56300.08,56322.59,56344.72,56367.89,56391.88,56415.2,56440.5,56465.17,56489.92,56516.06,56541.22,56568.5,56595.5,56615.7,56636.35,56657.97,56678.94,56700.77,56723.07,56745.82,56768.85,n.a.,n.a.,n.a.,56865.4,56883.78,56902.11,56921.07,56940.47,56960.18,n.a.,n.a.,n.a.,n.a.,n.a.,n.a.,n.a.,n.a.,n.a.,n.a.,n.a.,n.a.,n.a.,n.a.,n.a.,n.a.,n.a.,n.a.,n.a.,58661.18,58684.65,58708.38,58732.61,58757.16,58782.07,58807.56,58833.36,58859.49,58886.34,58913.09,58940.51,58961.62,58983.09,59005.05,59027.36,59049.96,59072.95,59096.49,59120.35,59144.49,59169.1,59194.15,59219.51,59238.51,59257.85,59277.56,59297.75,59318.14
2.กำลังแรงงานรวม (2.1 + 2.2 + 2.3) 3/,38059.95,38076.26,38432.88,37929.78,38361.98,39125.98,39769.33,39761.34,39233.23,38816.91,39452.65,39784.94,38619.17,38798.15,38955.14,38909.27,39006.98,39883.25,40097.64,39800.75,39438.77,39489.68,40170.93,39820.99,38747.97,39338.99,39352.8,38787.11,39493.95,40191.93,39752.3,39312.88,39323.78,39033.43,39632.91,39807.64,38433.61,38312.69,38616.64,38023.66,38371.88,38928.63,38900.04,38724.69,38850.45,38306.52,38471.84,38963.3,38010.41,38522.55,38370.29,38283.85,38275.72,38707.62,38621.15,38940.6,38652.56,38468.2,38556.89,39164.85,38125.89,38416.89,38352.31,38023.66,37769.93,38701.1,38839.56,38860.14,38278.33,37720.34,38110.99,37791.78,37935.84,38380.81,38320.46,37888.56,37978.5,38820.95,38502.27,38077,37786.44,37216.93,38281.47,37716.49,37790.9,38421.6,38111.32,37991.39,38547.31,38853.97,39053.68,38727.99,38391.08,38077.6,38742.77,38353.32,38197.37,38322.02,38498.26,38032.67,38419.23,38823.79,38094.55,38075.18,37722.03,37438.61,38221.81,38207.12,37873.56,38403.54,38213.09,n.a.,n.a.,n.a.,38703.3,38835.01,38611,38757.21,39119,39450.98,n.a.,n.a.,n.a.,n.a.,n.a.,n.a.,n.a.,n.a.,n.a.,n.a.,n.a.,n.a.,n.a.,n.a.,n.a.,n.a.,n.a.,n.a.,n.a.,40258.27,40098.92,39847.08,40359.67,40299.77,40073.1,40487.01,40451.71,39981.14,40354.49,40693.72,40614.26,40677.12,40311.24,40365.55,41109.75,40623.07,39808.74,40538.92,40450.23,39787.78,39989.62,40879.27,40437.74,40388.71,40699.05,40067.67,40849.34,40765.37
   2.1.ผู้มีงานทำ 4/,37422.45,37553.57,37809.57,37370.29,37819.25,38886.3,39547.59,39437.69,38864.76,38298.5,38978.65,39493.71,37926.92,38057.65,38195.08,38143.79,38268.47,39529.33,39853.91,39543.07,39152.51,39208.89,39973.11,39548.48,38078.29,38809.06,38749.51,38024.43,38846.56,39895.13,39366.44,38946.63,38995.12,38667.77,39252.1,39485.23,37794.53,37736.6,37901.61,37329.76,37762.59,38377.91,38487.1,38370.87,38451.55,37916.88,38159.84,38664.9,37359.82,37937.06,37622.74,37530.02,37573.41,38232.69,38102.81,38492.29,38321.05,38086.37,38115.41,38872.77,37574.98,37870.59,37610.63,37230.19,36814.37,38167.26,38395.67,38461.74,37871.52,37136.49,37659.07,37359.67,37212.04,37683.98,37460.52,37091.94,37102.25,38319.44,37977.33,37599.72,37246.78,36651.1,37722.18,37190.93,37073.43,37601.4,37341.94,37282.31,37965.57,38368.79,38629.27,38286.89,37951.29,37603.18,38264.07,37865.48,37496.3,37784.43,37771.06,37338.16,37638.92,38377.75,37615.24,37619,37212.38,36997.39,37712.15,37661.05,37184.05,37628.76,37331.78,n.a.,n.a.,n.a.,37806.56,38048.75,37860.11,37899,38268.78,38761.58,n.a.,n.a.,n.a.,n.a.,n.a.,n.a.,n.a.,n.a.,n.a.,n.a.,n.a.,n.a.,n.a.,n.a.,n.a.,n.a.,n.a.,n.a.,n.a.,39743.21,39582.91,39196.92,39815.78,39814.02,39341.86,39913.22,39783.58,39276.38,39608.39,40290.96,40125.78,40248.44,39902.59,39945.84,40738.84,40126.97,39126.94,39917.58,39789.1,39089.18,39140.25,40398.6,39966.57,39924.52,40320.1,39633.83,40420.91,40332.27
การทำงานต่ำระดับ 5/,464.19,398.47,340.67,580.88,305.26,268.61,228.54,236.39,335.19,479.86,430.77,299.56,352.26,341.12,332.72,359.69,371.59,401.91,257.92,293.83,379.31,462.07,327.29,265.33,443.31,316.21,390.57,391.16,278.05,162.49,271.24,379.79,320.84,417.14,293.07,332.53,314.12,233.41,282.24,267.86,250.37,255.7,221.21,286.27,240.21,328.6,207.19,213.43,290.69,243.23,315.8,285.56,301.26,245.42,335.07,196.62,224.5,264.9,238.66,331.56,307.35,239.31,319.03,410.12,380.09,264.59,211.52,198.55,238.57,251.87,210.42,236.93,441.46,255.14,301.62,365.25,337.51,324.78,302.2,286.01,190.63,257.44,194.74,280.33,367.64,326.08,275.4,269.93,287.71,243.58,315.36,327.84,285.25,255.78,181.56,232.23,456.79,259.95,261.7,299.31,197.98,191.92,224.97,148.35,184.15,189.8,207.89,268.52,254.93,256.02,323.5,n.a.,n.a.,n.a.,541.38,428.54,349.43,413.72,562.11,555.78,n.a.,n.a.,n.a.,n.a.,n.a.,n.a.,n.a.,n.a.,n.a.,n.a.,n.a.,n.a.,n.a.,n.a.,n.a.,n.a.,n.a.,n.a.,n.a.,221.16,231.71,318.7,233.51,275.35,273.43,247.54,190.65,227.77,198.1,183.31,120.67,163.7,211.94,252.94,131.94,257.16,237.68,171.69,167.59,181.66,170.3,160.58,216.64,193.87,143.58,204.53,171.03,263.8
     2.1.1.ภาคการเกษตร,13355.69,12930.62,13068.96,12658.69,13626.4,15832.1,16544.11,16032.65,14764.44,14283.05,15529.7,16798.01,13389.4,13449.78,13506.88,13572.62,14393.9,16356.29,16871.87,16462.58,15691.6,14865.35,16826.79,16313.86,13331.43,13778.39,13620.97,12749.54,14882.79,16593.83,16245.3,16217.84,15675.54,14843.43,16475.73,16586.01,11714.04,11842.8,12114.38,11038.74,12306.65,13593.48,13211.37,13643.86,13501.91,12276.98,13149.9,13466.8,11229.45,11363.63,11630.52,10613.37,11429.68,12809.95,12131.73,13515.51,13134.25,12089.1,12853.81,13630.15,10820.26,11188.49,11252.64,9862.99,10274.62,12562.47,12432.98,12916.63,12523.25,11214.34,12410.17,12566.71,10634.52,10694.63,11340.58,10553.91,10922.59,13124.41,12504.08,12285.11,12440.27,11046.83,12048.09,12265.83,11379.17,11266.98,11845.84,10743.4,11401.66,13360.54,12587.02,12392.02,12902.4,11453.58,12374.46,12427.54,10747.86,10583.45,11885.37,10200.81,10832.23,13180.66,11945.02,12328.65,13024.43,11148.85,11907.76,12694.52,10234.11,10519.42,11282.69,n.a.,n.a.,n.a.,12098.03,12129.94,13234.16,11609.59,12053.72,13482.34,n.a.,n.a.,n.a.,n.a.,n.a.,n.a.,n.a.,n.a.,n.a.,n.a.,n.a.,n.a.,n.a.,n.a.,n.a.,n.a.,n.a.,n.a.,n.a.,12246.05,12990.37,11311.15,12335.16,13041.27,10916.19,11736.2,12099.45,10757.01,11354.23,12973.05,12273.92,12813.37,13000.71,11519.67,13045.41,12615.61,10374.46,11061.53,11526.11,10099.73,10698.88,12586.45,11454.15,12474.64,12852.94,11100.1,12651.2,12141.35
            1)  เกษตรกรรม การป่าไม้ และการประมง,13355.69,12930.62,13068.96,12658.69,13626.4,15832.1,16544.11,16032.65,14764.44,14283.05,15529.7,16798.01,13389.4,13449.78,13506.88,13572.62,14393.9,16356.29,16871.87,16462.58,15691.6,14865.35,16826.79,16313.86,13331.43,13778.39,13620.97,12749.54,14882.79,16593.83,16245.3,16217.84,15675.54,14843.43,16475.73,16586.01,11714.04,11842.8,12114.38,11038.74,12306.65,13593.48,13211.37,13643.86,13501.91,12276.98,13149.9,13466.8,11229.45,11363.63,11630.52,10613.37,11429.68,12809.95,12131.73,13515.51,13134.25,12089.1,12853.81,13630.15,10820.26,11188.49,11252.64,9862.99,10274.62,12562.47,12432.98,12916.63,12523.25,11214.34,12410.17,12566.71,10634.52,10694.63,11340.58,10553.91,10922.59,13124.41,12504.08,12285.11,12440.27,11046.83,12048.09,12265.83,11379.17,11266.98,11845.84,10743.4,11401.66,13360.54,12587.02,12392.02,12902.4,11453.58,12374.46,12427.54,10747.86,10583.45,11885.37,10200.81,10832.23,13180.66,11945.02,12328.65,13024.43,11148.85,11907.76,12694.52,10234.11,10519.42,11282.69,n.a.,n.a.,n.a.,12098.03,12129.94,13234.16,11609.59,12053.72,13482.34,n.a.,n.a.,n.a.,n.a.,n.a.,n.a.,n.a.,n.a.,n.a.,n.a.,n.a.,n.a.,n.a.,n.a.,n.a.,n.a.,n.a.,n.a.,n.a.,12246.05,12990.37,11311.15,12335.16,13041.27,10916.19,11736.2,12099.45,10757.01,11354.23,12973.05,12273.92,12813.37,13000.71,11519.67,13045.41,12615.61,10374.46,11061.53,11526.11,10099.73,10698.88,12586.45,11454.15,12474.64,12852.94,11100.1,12651.2,12141.35
     2.1.2.นอกภาคการเกษตร,24066.78,24622.95,24740.6,24711.62,24192.85,23054.19,23003.46,23405.05,24100.31,24015.44,23448.96,22695.72,24537.52,24607.89,24688.2,24571.16,23874.57,23173.04,22982.08,23080.47,23460.91,24343.56,23146.32,23234.63,24746.85,25030.67,25128.54,25274.88,23963.77,23301.29,23121.16,22728.78,23319.57,23824.33,22776.37,22899.25,26080.5,25893.79,25787.25,26291.02,25455.97,24784.44,25275.73,24727,24949.64,25639.91,25009.93,25198.09,26130.38,26573.42,25992.25,26916.65,26143.7,25422.74,25971.1,24976.77,25186.78,25997.27,25261.62,25242.62,26754.72,26682.1,26357.95,27367.17,26539.74,25604.77,25962.71,25540.31,25340.36,25922.12,25248.92,24792.97,26577.5,26989.34,26119.94,26538.03,26179.67,25195.03,25473.25,25314.61,24806.5,25604.27,25674.1,24925.12,25694.28,26334.4,25496.09,26538.9,26563.91,25008.23,26042.24,25894.87,25048.88,26149.6,25889.58,25437.93,26748.45,27201,25885.7,27137.35,26806.7,25197.11,25670.2,25290.38,24187.94,25848.53,25804.4,24966.51,26949.93,27109.34,26049.08,n.a.,n.a.,n.a.,25708.5,25918.81,24625.94,26289.42,26215.06,25279.24,n.a.,n.a.,n.a.,n.a.,n.a.,n.a.,n.a.,n.a.,n.a.,n.a.,n.a.,n.a.,n.a.,n.a.,n.a.,n.a.,n.a.,n.a.,n.a.,27497.16,26592.52,27885.78,27480.63,26772.75,28425.68,28177.01,27684.12,28519.38,28254.14,27317.9,27851.86,27435.08,26901.88,28426.17,27693.41,27511.35,28752.47,28856.04,28263,28989.48,28441.36,27812.14,28512.43,27449.89,27467.15,28533.73,27769.71,28190.92
            1)  การทำเหมืองแร่และเหมืองหิน,60.06,63.77,54.65,54.75,56.9,35.51,47.24,40.4,57.51,41.22,46.71,41.46,97.73,79.06,78,93.3,65.62,40.74,82.75,51.14,51.57,105.91,59.42,64.72,64.91,62.46,58.38,80.97,56.34,47.45,46.76,72.17,65.42,105.08,46.89,60.95,73.24,69.09,84.46,74.34,65.81,87.95,53.82,65.75,66.64,83.25,47.12,72.22,108.28,49.65,98.18,95.53,43.12,85.94,87.69,50.38,81.92,90.06,59,95.15,56.57,59.5,92.6,72.25,78.41,64.56,62.06,68.67,69.09,44.24,56.23,78.89,56.93,63.13,83.68,81.84,70.24,59.72,53.93,63.73,78.44,56.89,64.01,51.8,52.59,88.04,81.21,52.45,93.23,104.42,69.2,87.04,56.1,45.07,77.37,91.02,53.3,75.99,47.13,47.75,69.04,63.51,50.15,74.78,62.17,40.64,104.33,47.15,40.42,69.85,57.24,n.a.,n.a.,n.a.,43.42,68.14,69.09,227.36,74.62,44.97,n.a.,n.a.,n.a.,n.a.,n.a.,n.a.,n.a.,n.a.,n.a.,n.a.,n.a.,n.a.,n.a.,n.a.,n.a.,n.a.,n.a.,n.a.,n.a.,62.25,27.29,40.56,58.57,27.25,51.04,42.68,41.64,40.7,54.49,44.41,30.34,49.8,28.2,43.49,56.95,34.84,79.51,42.01,62.8,66.07,57.25,48.25,62.37,59.19,57.57,55.43,55.48,53.47
            2)  การผลิต,5687.19,5412.87,5787.03,5794.08,5613.86,5137.49,5427.15,5414.85,5503.5,5619.51,5152.5,5207.02,5861.38,5984.07,6112.27,6127.85,5728.41,5505.47,5354.79,5680.97,5718.71,5719.68,5409.83,5588.36,5874.93,6033.87,6213.39,5850.47,5745.19,5649.57,5795.25,5551.54,5808.08,5883.58,5347.45,5698.41,6302.49,6600.43,6585.04,6408.09,6492.93,6277.64,6488.25,6305.3,6283.28,6626.17,6353.51,6625.83,6645.19,6572.27,6603.57,6807.34,6438.05,6502.57,6585.54,6351.24,6237.21,6774.08,6338.55,6310.2,6577.9,6602.33,6225.07,6752.24,6535.95,6146.18,6216.55,6331.44,6274.56,6363.21,6257.31,5931.39,6210.8,6687.4,6198.41,6014.32,6631.23,5965.51,5891.51,6244.08,5980.25,5828.59,6411.05,6031.01,6078.09,6631.95,6409.73,6062.99,6735,6335.96,5938.28,6326.84,6400.33,6241.28,6332.95,6534.59,6157.07,6523.69,6421.9,6307.09,6510.02,6196.96,5895.61,5920.35,5932.23,6169.41,6117.31,6132.11,6467.11,6295.4,5999.22,n.a.,n.a.,n.a.,5829.88,5888.98,5593.58,6480.95,5934.97,5423.88,n.a.,n.a.,n.a.,n.a.,n.a.,n.a.,n.a.,n.a.,n.a.,n.a.,n.a.,n.a.,n.a.,n.a.,n.a.,n.a.,n.a.,n.a.,n.a.,6913.49,5983.04,6366.57,6663.94,6373.73,6303.78,6618.71,6441.46,6227.69,6698.81,6191.48,6262.71,6730.52,6043.88,6165.05,6601.83,6204.69,6111.73,6794.2,6444.02,6311.94,6804.85,6345.33,6047.52,6490.76,6369.23,5933.37,6557.48,6625.59
            3)  ไฟฟ้า ก๊าซ ไอน้ำ และระบบปรับอากาศ,119.48,106.85,95.38,116.99,88.3,97.43,97.14,103.8,99.82,116.62,128.18,88.22,78.71,116.47,82.81,100.91,101.71,81.49,119.8,82.38,84.74,118.04,98.32,83.55,88.22,104.7,90.35,101.99,117.77,81.93,113.4,100.17,90.99,87.72,109.71,88.56,123.42,108.16,97.52,114.37,123.87,73.9,153.39,100.79,101.72,159.12,120.65,125.97,71.64,127.69,121.71,82.92,117.61,131.79,115.12,97.35,90.53,110.27,115.54,93.11,83.7,132.8,128.64,108.64,130.68,147.3,123.04,124.34,134.22,98.36,139.18,104.91,106.01,131.23,114.01,147.26,121.27,118.22,158.45,111.09,106.53,139.55,126.76,103.93,107.3,128.63,94.56,103.08,96.64,93.94,133.69,118.17,109.88,115.65,119.63,106.64,104.7,162.7,79.87,100.93,138.63,92.27,117.54,148.17,112.16,127.13,162.17,100.91,121.71,155.62,109.86,n.a.,n.a.,n.a.,125.29,127.13,96.24,116.73,184.86,117.65,n.a.,n.a.,n.a.,n.a.,n.a.,n.a.,n.a.,n.a.,n.a.,n.a.,n.a.,n.a.,n.a.,n.a.,n.a.,n.a.,n.a.,n.a.,n.a.,108.68,68.11,127.46,101.54,75.41,94.33,107.22,106.97,75.49,111.1,106.81,117.15,95.49,97.82,138.36,87.29,85.84,110.23,86.67,110,87.83,104.67,106.15,109.33,110.52,97.94,125.45,97.88,105.59
            4)  การจัดหาน้ำ การจัดการ และการบำบัดน้ำเสีย ของเสีย และสิ่งปฏิกูล,78.55,90.02,109.53,92.01,83.91,135.13,102.01,64.13,100.5,70.61,65.16,76.78,68.89,111.3,50.11,53.84,59.1,50.9,55.56,59.22,40.75,91.28,85.09,42.15,74.21,82.21,79.16,59.23,69.24,92.15,106.63,102.64,109.63,76.2,102.79,69.6,75.3,69.49,92.76,83.44,106.28,176.36,95.89,88.82,156.53,94.5,73.72,138.28,92.77,60.86,136.9,76.62,71.41,82.38,81.25,51.52,79.29,95.96,83.46,68.36,88.04,103.42,101.97,98.78,120.15,113.01,72.89,68.56,106.25,75.99,91.34,115.92,117.57,121.41,82.29,134.46,105.41,78.95,79.18,159.4,86.05,82.74,73.92,72.06,83.69,67.55,57.25,111.29,87.56,86.26,84.52,85.15,70.29,69.83,46.88,64.83,78.94,127.88,64.85,97.68,106.62,74.28,100.5,121.76,87.82,110.68,108.15,67.94,58.82,122.28,88.69,n.a.,n.a.,n.a.,84.97,120.32,84.79,139.43,146.09,84.41,n.a.,n.a.,n.a.,n.a.,n.a.,n.a.,n.a.,n.a.,n.a.,n.a.,n.a.,n.a.,n.a.,n.a.,n.a.,n.a.,n.a.,n.a.,n.a.,78.18,90.43,76.42,89.77,105.12,69.21,78.9,80.32,73.46,79,88.67,87.88,56.88,78.48,75.39,56.04,71.67,69.94,91.11,90.61,77.33,89.64,91.52,83.42,97.1,107.71,82.74,65.24,87.86
            5)  การก่อสร้าง,2424.32,2725.72,2869.13,2859.88,2751.41,2194.71,2056.68,2147.3,2292.48,2312.71,2051.17,1821.1,2398.48,2548,2945.57,2801.63,2526.2,2356.7,2153.06,2301.4,2496.28,2555.91,2198.79,2247.43,2657.08,2777.73,2985,3069.85,2727.41,2319.5,2294.74,2077.93,2443.49,2552.03,2193.5,2205.87,2184.21,2411.46,2649.03,2620.26,2275.61,2221.38,2113.96,1996.34,2201.51,2147.84,2080.32,2178,2286.31,2562.91,2521.82,2560.55,2472.02,2320.24,2290.71,2062.38,2125.61,2056.36,2021.41,2040.09,2423.86,2693.92,2697.29,2807.66,2599.71,2301.6,2261.26,2178.14,2030.83,2206.47,2063.61,1844.39,2205.6,2491.16,2419.26,2343.74,2238.61,2210.13,2010.7,2061.46,1981.15,2013.43,1998.48,1836.61,1903.4,2225.43,2192.1,2315.9,2217.38,2105.49,2062.68,2090.06,2097.11,2067.47,2087.14,1989.24,2170.07,2404.26,2364.15,2420.19,2351.69,2227.13,2004.57,2088.63,1969.65,2003.03,2148.88,2022.23,2239.53,2383.63,2291.81,n.a.,n.a.,n.a.,2079.88,2264.28,2153.26,2536.76,2114.32,2109.17,n.a.,n.a.,n.a.,n.a.,n.a.,n.a.,n.a.,n.a.,n.a.,n.a.,n.a.,n.a.,n.a.,n.a.,n.a.,n.a.,n.a.,n.a.,n.a.,2117.19,2088.54,1956.31,2060.85,2403.5,2414.24,2117.93,2526.39,2508.27,2231.7,2177.34,2196.32,1967.92,2170.04,2289.37,2034.19,2245.29,2453.06,2287.37,2630.51,2502.65,2216.99,2269.25,2266.28,1990.05,2120.2,2366.13,1981.04,2280.8
            6)  การขายส่ง และการขายปลีก การซ่อมยานยนต์และรถจักรยานยนต์,6150.12,6189.85,6090.18,5783.73,6097.69,5883.79,5662.21,5952.77,6052.35,6065.81,6264.96,5932.99,6165.07,6108.18,5952.33,6043.61,5951.3,5834.7,5800.35,5759.74,5645.66,6126.63,6118.65,5825.63,6414.99,6177.62,6160.38,6494.71,5926.17,5744.79,5766.19,5594.18,5752.58,6031.87,5615.43,5759.88,6713.21,6236.52,6153.04,6514.14,6242.02,5696.12,6186.4,6232.22,6002.26,6230.94,6024.2,5967.52,6288.01,6173.04,6134,6482.67,6353.54,5949.64,6274.73,6040.95,6011.23,6179.9,6044.25,6023.71,6364.98,6306.96,6376.95,6509.13,6336.28,6196.12,6534.08,6347.31,6115,6303.14,6166,6135.53,6724.18,6313.86,6276.31,6727.06,6435.38,6078.85,6372.92,6152.24,6021.19,6477.64,6113.85,6050.83,6339.08,6355.4,6111.95,6379.99,6703.5,5869.32,6428.35,6555.44,5757.35,6528.71,6455.93,5988.8,6559.53,6652.49,6158.61,6428.05,6408.79,6025.05,6172.8,6149.3,5720.97,6490.53,6347.25,6067.57,6287.05,6440.38,6291.08,n.a.,n.a.,n.a.,6410.97,6241.71,6101.55,6140.18,6348.71,6402.46,n.a.,n.a.,n.a.,n.a.,n.a.,n.a.,n.a.,n.a.,n.a.,n.a.,n.a.,n.a.,n.a.,n.a.,n.a.,n.a.,n.a.,n.a.,n.a.,6386.41,6840.29,6984.31,6658.12,6342.16,7197.23,6822.4,6626.05,7172.03,6603.94,6732.7,6951.05,6421.5,6722.53,7267.4,6779.65,6610.69,6898.81,6975.42,6699.44,7033.43,6854.04,6613.81,6924.24,6642.98,6393.16,6847.61,6831.3,6647.85
            7)  การขนส่ง และสถานที่เก็บสินค้า,1030.95,1069.31,973.17,1023.76,927.23,900.66,912.21,913.81,951.84,1103.97,955.76,900.07,991.31,1057.09,1016.42,845,914.18,905.3,925.21,1071.39,996.9,918.36,979.36,935.96,1133.97,1068.07,1007.02,967.75,890.34,992.56,951.14,961.09,915.04,1002.71,1082.61,955.39,1284.1,1176.68,1232.92,1163.28,1112.46,1220.13,1184.99,1208.62,1090.09,1323.63,1270.04,1108.38,1216.41,1329.13,1160.91,1260.28,1148.99,1177.13,1284.7,1213.44,1172.73,1217.44,1268.38,1199.81,1332.52,1276.84,1229.98,1265.35,1139.81,1208.58,1187.84,1072.64,1173.88,1242.38,1102.8,1216.66,1297.74,1280.77,1436.71,1213.87,1133.09,1301.3,1179.58,1053.37,1323.69,1328.64,1137.6,1310.73,1280.6,1170.05,1421.72,1277.23,1167.31,1248.78,1386.18,1281.47,1253.43,1273.98,1190.01,1379.46,1387.43,1258.28,1385.19,1363.58,1287.17,1274.42,1386.93,1262.42,1227.98,1279.85,1232.35,1288.5,1346.67,1350.63,1326.4,n.a.,n.a.,n.a.,1346.42,1390.95,1283.66,1327.66,1321.93,1402.41,n.a.,n.a.,n.a.,n.a.,n.a.,n.a.,n.a.,n.a.,n.a.,n.a.,n.a.,n.a.,n.a.,n.a.,n.a.,n.a.,n.a.,n.a.,n.a.,1458.69,1338.2,1489.49,1446.79,1499.15,1352.71,1435.11,1554.16,1424.88,1443.58,1591.9,1352.35,1453.71,1588.96,1602.2,1404.07,1584.3,1623.61,1619.82,1618.29,1572.08,1461.18,1794.68,1616.56,1556.89,1773.1,1558.96,1553.8,1659.96
            8) กิจกรรมโรงแรม และการบริการด้านอาหาร,2617.74,2513.57,2741.66,2782.94,2439.75,2608.11,2494.83,2533.29,2884.65,2412.64,2237.31,2660.21,2334.51,2357.36,2243.92,2339.44,2290.52,2147.22,2437.53,2215.7,2373.4,2509.49,2375.99,2327.04,2509.42,2525.38,2311.85,2411.82,2446.48,2383.68,2155.84,2216.37,2209.95,2199.88,2304.7,2250.64,2693.38,2663.57,2546.58,2682.38,2615.5,2468.09,2551.89,2520.27,2577.66,2562.77,2600.9,2594.97,2642.98,2724.16,2640.34,2782.22,2614.33,2607.18,2578.77,2516.93,2743.96,2673.75,2699.64,2686.65,2853.88,2709.24,2721.13,2866.08,2816.88,2678.84,2714.51,2837.37,2770.39,2760.75,2758.68,2655.39,3024.29,2836.27,2772.58,2879.07,2671.56,2643.64,2882.7,2770.08,2582.42,2963.44,2952.48,2727.11,2992.26,2881.49,2640.41,3081.08,2835.28,2683.43,2829.36,2876.3,2783.66,2937.96,2940.28,2741.9,2877.4,2864.39,2738.97,3017.21,3054.26,2642.79,3175.4,2872.02,2677.34,3032.59,2796.95,2750.6,3003.99,2985.4,2905.93,n.a.,n.a.,n.a.,3081.44,2941.75,2615.41,2759.15,3034.27,2969.95,n.a.,n.a.,n.a.,n.a.,n.a.,n.a.,n.a.,n.a.,n.a.,n.a.,n.a.,n.a.,n.a.,n.a.,n.a.,n.a.,n.a.,n.a.,n.a.,2800.14,2914.37,3086.12,2853.56,2897.26,3182.86,2949.62,3186.89,3329.8,2933.02,3234.78,3174.19,3097.7,3210.5,3176.74,3083.71,3394.96,3586.23,3348.4,3416.26,3546.46,3174.64,3321,3577.25,3223.89,3323.17,3781.27,3305.06,3382.66
            9) ข้อมูลข่าวสารและการสื่อสาร,164.73,209.32,177.67,180.16,209.67,170.24,187.53,176.45,171.35,174.5,226.32,207.14,310.46,164.97,191.23,226.67,184.28,218.48,244.44,207.58,224.27,262.49,186.79,186.09,191.78,162.48,281.03,211.19,219.49,211,210.68,198.23,173.83,220.19,217.32,185.89,254.84,220.56,242.32,265.58,232.16,233.04,294.56,266.1,217.78,270.45,213.16,253.21,275.46,251.66,202.45,283.89,236.35,225.08,243.2,201.31,279.87,258.05,185.85,246.82,267.1,253.23,203.92,271.97,242.53,215.22,200.97,201.82,222.36,233.94,233.55,229.2,215.6,257.46,276.16,234.84,137.73,213.05,211.84,171.23,201.34,209.53,279.62,234.23,229.23,180.48,232.18,188.46,167.95,208.66,185.68,185.95,199.69,223.43,201.11,223.89,193.41,195.84,214.74,190.96,170.76,191.7,187.85,179.81,208.95,238.04,213.23,182.84,197.83,262.53,231.36,n.a.,n.a.,n.a.,206.8,216.22,198.17,172.27,267.92,193.91,n.a.,n.a.,n.a.,n.a.,n.a.,n.a.,n.a.,n.a.,n.a.,n.a.,n.a.,n.a.,n.a.,n.a.,n.a.,n.a.,n.a.,n.a.,n.a.,193.08,199.94,264.57,232.89,234.53,178.71,286.27,163.62,195.49,293.07,163.62,184.18,219.97,159.64,215.67,169.37,182.42,153.12,211.13,160.51,144.83,207.45,210.33,182.58,198.96,171.96,201.64,214.5,167.73
           10) กิจกรรมทางการเงินและการประกันภัย,419.23,378.05,405.67,375.15,387.5,458.64,376.54,467.59,377.8,430.42,441.91,375.76,492.68,433.99,411.84,480.43,439,362.73,421.75,369.28,370.5,463.63,374.95,420.99,454.93,404.04,401.03,500.91,442.15,459.89,469.61,406.74,434.66,454.6,523.19,405.29,588.06,577.25,465.41,632.23,519.93,514.19,485.03,526.36,473.29,503.28,638.16,440.75,527.56,590.76,513.09,545.1,575.37,498.63,501.42,574.91,495.17,543.1,578.61,509.33,552.57,539.31,522.39,578.66,500.22,539.26,550.78,560.25,584.11,549.03,540.99,534.66,557.46,560.75,442.59,501.76,494.03,471.57,562.97,526.65,530.26,581.2,552.67,480.47,528.95,515.84,462.35,543.44,487.28,448.88,547.44,456.75,504.05,480.74,506.35,537.62,521.66,562.33,534.41,543.12,515.01,485.72,484.99,514.75,489.05,482,501.69,537.08,564.76,565.82,491.91,n.a.,n.a.,n.a.,535.84,530.95,514.73,544.36,497.59,535.19,n.a.,n.a.,n.a.,n.a.,n.a.,n.a.,n.a.,n.a.,n.a.,n.a.,n.a.,n.a.,n.a.,n.a.,n.a.,n.a.,n.a.,n.a.,n.a.,518.05,536.7,668.37,536.24,478.79,610.9,462.61,476.17,537.01,540.59,495.95,488.11,573.54,467.77,594.96,514.06,459.27,535.26,425.01,407.96,488.32,437.87,401.09,468.29,483.23,448.49,518.84,454.02,434.52
           11) กิจกรรมอสังหาริมทรัพย์,77.58,106.54,134.35,127.97,124.36,140.84,86.48,122.59,132.24,78.91,97.78,96.39,130.37,105.58,162.01,124.76,124.24,169.25,173.44,130.24,105.26,137.91,110.11,139.24,161.14,128.45,146.59,131.69,123.53,122.81,167.04,127.04,136.44,145.32,133.5,131.18,168.84,190.23,186.03,140.22,158.47,148.89,154.98,150.97,147.39,203.19,160.22,143.98,207.34,188.53,159.13,178.03,225.21,153.79,210.16,232.9,194.56,217.59,211.28,183.67,162.42,192.53,214.6,175.35,227.68,166.86,198.05,167.18,191.3,204.9,161.94,208.38,206.62,194.57,215.57,212.29,206.44,233.4,192.81,174.52,241.7,160.64,196.01,244.55,173.19,188.57,175.89,192.79,130.31,193.6,215.3,140.96,187.55,215.76,222.66,196.98,236.07,232.18,176.97,232.48,163.05,178.25,202.54,173.14,185.39,231.61,223.28,215.75,266.01,260.18,197.46,n.a.,n.a.,n.a.,211.93,223.6,229.91,256.4,286.7,243.91,n.a.,n.a.,n.a.,n.a.,n.a.,n.a.,n.a.,n.a.,n.a.,n.a.,n.a.,n.a.,n.a.,n.a.,n.a.,n.a.,n.a.,n.a.,n.a.,301.63,366.16,438.39,296.3,379.43,426.36,342.39,365.96,361.24,311.44,366.6,345.85,269.1,297.05,407.38,311.68,394.74,450.46,311.63,343.19,335.97,284.14,374.59,327.02,275.03,331.77,379.61,320.04,311.76
           12) กิจกรรมทางวิชาชีพ วิทยาศาสตร์ และเทคนิค,252.7,324.61,253.42,229.12,349.51,238.99,260.17,308.7,284.51,281.96,266.6,249.49,250.2,235.68,261.69,206.64,228.02,255.96,202.31,266.1,256.4,214.87,250.37,296.56,233.4,241.28,324.26,240.6,300.83,250.44,257.17,284.94,231.52,270.97,275.16,284.33,326.95,300.18,332.91,340.44,293.37,327.56,318.97,274.19,359.29,322.4,319.57,302.85,411.8,414.18,415.92,374.07,346.53,420.32,377.65,311.91,359.33,424.81,324.84,324.98,387.45,334.37,411.2,364.66,285.98,371.81,373.05,304.28,319.57,411.05,359.48,365.01,300.5,406.02,390.92,348.83,338.01,447.52,345.47,315.57,395.83,352.58,357.19,397.38,370.39,408.73,340.75,417.74,407.98,376.85,396.23,394.39,418.63,380.4,380.09,377.69,399.44,425.65,399.93,383.66,403.12,363.01,349.52,360.86,374.14,328.05,350.94,383.86,434.76,399.63,377.77,n.a.,n.a.,n.a.,383.33,337.2,363.95,399.6,404.65,407.24,n.a.,n.a.,n.a.,n.a.,n.a.,n.a.,n.a.,n.a.,n.a.,n.a.,n.a.,n.a.,n.a.,n.a.,n.a.,n.a.,n.a.,n.a.,n.a.,396.12,431.25,434.3,377.42,334.96,442.65,485.56,384.27,456.38,550.13,346.77,487.61,450.46,371.62,459.76,388.18,395.87,454.67,573.9,461.96,437.3,547.24,440.15,461.84,405.6,438.02,471.82,452.3,503.97
           13) กิจกรรมการบริหารและการบริการสนับสนุน,450.89,391.69,400.72,430.05,340.77,520.98,453,394.84,480.81,452.77,390.5,395.87,469.95,434.16,369.61,374.44,370.93,424.1,439.96,378.1,411.91,431.53,385.73,412.16,395.33,424.53,380.69,463.1,434.4,444.64,424.03,386.64,487.03,415.59,366.66,390.51,508.82,508.04,495.74,561.33,472.11,494.78,505.85,449.01,509.81,496.66,491.11,490.9,606.12,582.52,506.35,637.26,508.92,466.42,518.82,487.35,538.2,579.34,548.15,613.78,596.84,545.79,597.5,558.59,551.04,623.59,578.98,579.34,563.77,619.16,598.72,616.72,551.14,622.64,562.74,643.34,594.76,541.09,620.46,648.21,530.48,637.92,599.37,642.72,583.84,583.61,559.25,632.95,583.14,564.99,606.97,517.81,564.36,558.89,553.32,600.06,611.24,651.38,603.3,626.75,598.75,605.62,572.05,581.01,633.83,582.25,669.19,649.67,520.26,676.65,558.09,n.a.,n.a.,n.a.,513.52,482.29,616.67,469.45,541.17,568.04,n.a.,n.a.,n.a.,n.a.,n.a.,n.a.,n.a.,n.a.,n.a.,n.a.,n.a.,n.a.,n.a.,n.a.,n.a.,n.a.,n.a.,n.a.,n.a.,548.16,622.24,558.53,603.95,596.54,664.82,640.22,685.17,687.63,669.25,711.17,774.28,614,751.59,627.63,621.96,690.68,758.23,747.51,654.59,700.44,749.81,676.44,733.15,711.28,718.34,745.61,715.73,656.28
           14) การบริหารราชการ การป้องกันประเทศ และการประกันสังคมภาคบังคับ,1529.35,1619.98,1483.48,1605.8,1463.56,1513.22,1576.53,1484.96,1570.04,1665.63,1803.14,1540.37,1739.27,1684.6,1667.41,1760.97,1786.96,1774.68,1609.14,1592.63,1735.05,1708.72,1567.18,1713.09,1605.99,1721.22,1658.67,1663.38,1634.57,1595.03,1630.54,1622.3,1530.61,1677.13,1512.98,1523.23,1648.51,1563.98,1549.72,1543.53,1631.69,1616.23,1622.35,1511.8,1558.8,1650.46,1595.98,1533.04,1629.9,1656.18,1516.94,1614.51,1639.12,1625.37,1646.72,1532.26,1631.8,1633.51,1581.95,1601.05,1648.06,1621.29,1503.51,1601.59,1717.81,1555.04,1528.29,1535.73,1556.33,1565.15,1522.96,1484.63,1632.62,1681.72,1542.3,1630.28,1793.43,1472.91,1513.24,1674.95,1485.17,1462.8,1566.83,1481.39,1617.45,1675.31,1509.18,1721.81,1636.69,1480.27,1657.92,1662.49,1534.55,1662.83,1651.7,1557.11,1740.87,1689,1494.2,1795.52,1663.18,1508.44,1634.89,1636.32,1423.77,1585.71,1600.56,1470.6,1707.78,1701.34,1510.75,n.a.,n.a.,n.a.,1670.01,1746.85,1511.25,1610.3,1671.3,1519.75,n.a.,n.a.,n.a.,n.a.,n.a.,n.a.,n.a.,n.a.,n.a.,n.a.,n.a.,n.a.,n.a.,n.a.,n.a.,n.a.,n.a.,n.a.,n.a.,1871.81,1759.95,1888.98,1966.91,1733.65,1795.02,1963.69,1667.81,1728.43,1945.02,1732.36,1710.89,1769.94,1619.46,1805.5,1864.42,1717.05,1865.48,1712.25,1599.88,1974.05,1760.82,1714.08,1985.69,1650.61,1591.39,1872.02,1650.26,1535.26
           15) การศึกษา,1216.87,1387.81,1286.98,1215.25,1275.98,1184.52,1231.97,1344.49,1206.47,1221.01,1366.51,1329.57,1261.56,1283.74,1133.56,1194.21,1142,1081.66,1162.54,1206.13,1092.33,1153.11,1311.27,1145.49,1208.46,1286.77,1194.66,1199.31,1060.11,1122.33,1114.81,1114.1,1067.63,1101.55,1174.37,1147.16,1155.31,1173.23,1121.58,1226.58,1101.56,1159.61,1117.9,1121.52,1132.78,1132.95,1107.78,1237.9,1165.56,1196.01,1216.56,1114.36,1199.85,1184.65,1207.89,1156.1,1118.68,1181.87,1212.23,1169.32,1278.1,1233.55,1194.57,1144.92,1125.39,1160.5,1165.08,1115.53,1091.18,1196.03,1252.19,1154.64,1338.5,1194.24,1204.77,1207.45,1108.65,1157.78,1193.62,1091.95,1151.17,1183.59,1188.03,1201.24,1215.2,1190.68,1158.54,1215.21,1099.55,1163.43,1245.32,1085.2,1180.18,1228.73,1106.91,1104.97,1316.34,1154.11,1099.76,1317.21,1102.09,1185.16,1244.04,1104.39,1099.74,1150.6,1107.19,1051.06,1391.81,1196.46,1323,n.a.,n.a.,n.a.,1195.07,1155.44,1158.9,1289.57,1088.62,1121.14,n.a.,n.a.,n.a.,n.a.,n.a.,n.a.,n.a.,n.a.,n.a.,n.a.,n.a.,n.a.,n.a.,n.a.,n.a.,n.a.,n.a.,n.a.,n.a.,1089.52,1141.94,1103.36,1090.35,1085.38,1204.51,1187.49,986.14,1175.69,1134.06,958.07,1166.92,1115.32,1022.43,1151.19,1205.01,1034.12,1229.31,1120.08,1025.64,1266.18,1110.94,979.46,1165.12,1078.48,962.83,1114.44,1014.66,1054.7
           16) กิจกรรมด้านสุขภาพและงานสังคมสงเคราะห์,576.48,663.85,648.98,673.03,719.56,646.59,739.54,718.29,666.74,662.33,645.21,629.37,657.96,642.51,626.29,592.36,690.74,674.49,665.25,606.1,645.17,665.96,628.49,651.85,597.81,659.69,545.47,654.1,689.56,629.46,559.84,741.57,661.43,576.31,690.31,624.01,635.33,740.36,654.02,651.83,754,651.56,661.5,762.81,634.16,609.23,783.1,677.91,674.6,772.75,664.88,716.12,657.09,566.26,627.24,681.04,648.03,693.98,722.05,763.93,758.94,653.23,720.05,772.82,658.69,724.33,733.29,641.75,737.75,689.94,663.21,738.99,680.84,730.01,758.41,775.93,706.84,731.1,772.51,650.87,679.21,745.56,713.81,740.49,694.07,682.28,611.35,758.56,645.28,684.16,702.52,619.12,634.27,597.31,604.52,637.38,671.79,633.57,648.05,634.16,652.37,651.49,636.05,669.98,602.99,574.27,672.31,608.18,700.19,724.29,703.74,n.a.,n.a.,n.a.,636.47,710.73,670.36,653.99,776.19,741.26,n.a.,n.a.,n.a.,n.a.,n.a.,n.a.,n.a.,n.a.,n.a.,n.a.,n.a.,n.a.,n.a.,n.a.,n.a.,n.a.,n.a.,n.a.,n.a.,953.87,692.12,853.13,922.51,704.18,875.17,974.14,795.14,827.88,936.77,762.57,824.66,880.7,677.29,777,961.15,786.94,765.1,925.53,791.58,809.18,777.38,779.58,844.27,762.91,796.36,775.91,850.64,827.55
           17) ศิลปะ ความบันเทิง และนันทนาการ,215.31,331.4,258.89,226.97,291.4,216.69,190.58,267.44,182.71,200.46,269.73,200.24,213.15,226.57,282.32,205.12,238.55,278.95,160.1,243.58,283.38,195.13,223.45,260.17,211.02,270.22,334.59,250.72,238.38,225.83,252.78,231.52,272.77,217.39,205.97,274.7,294.23,269.68,331.36,300.57,265.49,264.39,245.05,218.03,258.46,196.89,226.73,258.33,270.23,271.41,298.98,339.56,305.23,250.03,282.95,283.38,243.56,212.62,227.22,271.33,258.52,287.73,253.73,272.75,275.91,260.24,274.46,250.69,243.08,246.35,201.06,221.76,213.11,224.55,227.25,279.44,224.17,254.86,318.63,246.03,226.09,269.21,237.82,213.91,279.9,221.79,242.29,288.4,235.96,223.4,308.15,214.22,228.85,309.34,302.6,214.02,276.87,288.98,275.91,270.66,217.02,256.2,315.23,208.49,282.46,299.91,259.64,297.25,310.78,306.43,358.38,n.a.,n.a.,n.a.,245.69,247.23,253.74,189.54,303.95,258.05,n.a.,n.a.,n.a.,n.a.,n.a.,n.a.,n.a.,n.a.,n.a.,n.a.,n.a.,n.a.,n.a.,n.a.,n.a.,n.a.,n.a.,n.a.,n.a.,329.43,260.52,325.31,323.83,259.74,253.68,345.28,246.35,282.37,375.02,235.89,339.56,347.06,258.89,309.28,310.51,234.54,293.04,328.11,300.42,277.58,321.06,284.13,272.69,319.56,304.21,283.34,335.12,301.41
           18) กิจกรรมบริการด้านอื่น ๆ,673.21,749.24,669.29,763.43,698.61,722.75,776.83,704.84,851.25,779.83,754.46,682.6,729.63,718.86,772.3,716.38,715.72,720.59,630.58,585.76,657.26,678.96,546.03,613.76,632.29,663.62,655.6,637.02,592.25,659.27,578.74,573.96,688.1,580.8,624.99,635.77,746.23,741.34,717.34,726.85,684.18,818.1,743.96,686.88,832.53,740.72,676.74,749.83,724.54,782.85,779.94,711.31,856.77,845.84,719.14,772.14,855.8,710.14,763.87,763.78,803.71,844.23,838.66,856.8,872.32,826.07,825.04,776.21,859.16,807.04,791.66,823.17,871.53,923.32,865.65,842.21,828.39,902.62,811.02,819.05,884.73,791.08,754.18,833.51,839.97,854.58,930.77,908.56,873.54,825.93,944.23,904.48,829.03,886.22,869.64,852.22,1036.69,1003.96,942.13,997.72,1086.3,897.61,817.42,912.36,831.06,846.48,854.67,840.57,931.51,912.46,958.58,n.a.,n.a.,n.a.,847.58,949.36,833.11,681.44,891.53,814.64,n.a.,n.a.,n.a.,n.a.,n.a.,n.a.,n.a.,n.a.,n.a.,n.a.,n.a.,n.a.,n.a.,n.a.,n.a.,n.a.,n.a.,n.a.,n.a.,1056.44,917.27,970.28,912,945.82,1094.75,988.64,1024.38,1179.17,1008.01,1104.58,1105.88,1049.1,1113.93,1033.95,1010.88,1006.66,1055.54,951.57,1072.54,1070.91,1197.33,1034.49,1048.28,1089.01,1054.12,1068.12,983.34,1165.86
           19) กิจกรรมการจ้างงานในครัวเรือนส่วนบุคคล กิจกรรมการผลิตสินค้าและบริการที่ทำขึ้นเอง เพื่อใช้ในครัวเรือน,279.56,260.05,260.27,343.57,252.64,205.44,284.64,219.32,208.04,284.6,252.03,224.93,248.32,287.19,288.96,256.87,276.06,244.69,274.55,227.24,240.34,253.86,203.84,248.4,198.81,205.8,246.2,224.09,220.69,223.76,146.07,222.04,181.77,188.93,200.9,173.71,217.86,220.39,212.18,197.43,236.05,253.05,225.77,179.61,226.16,227.34,183.96,243.9,219.08,226.94,221.85,224.97,264.6,261.05,253.24,218.82,215.91,290.67,202.45,218.49,194.72,224.49,245.47,230.38,236.91,245.57,274.06,261.08,203,236.16,205.46,225.94,219.87,224.61,205.32,215.19,230.08,216.07,194.13,249.34,210.51,233.4,247.92,189.63,225.07,222.2,176.56,222.36,263.69,243.87,207.11,207.09,168.68,262.34,187.66,174.45,269.57,218.67,175.23,236.58,220.66,213.92,218.64,224.23,193.82,219.87,272.3,190.11,288.58,254.38,188.84,n.a.,n.a.,n.a.,227.94,243.61,219.47,232.99,264.14,245.2,n.a.,n.a.,n.a.,n.a.,n.a.,n.a.,n.a.,n.a.,n.a.,n.a.,n.a.,n.a.,n.a.,n.a.,n.a.,n.a.,n.a.,n.a.,n.a.,223.07,249.66,234.84,249.51,249.64,159.65,251.14,298.35,221.45,266.73,248.78,234,221.11,203.86,218.17,205.62,309.55,204.53,261.3,318.65,241.05,229.35,310.99,260.35,197.44,290.45,287.71,222.97,321.17
           20) กิจกรรมขององค์การระหว่างประเทศ,5.29,0,8.32,2.02,1.28,3.28,6.47,5.65,2.91,4.58,2.31,3.57,4.34,3.33,0.84,5.9,5.27,5.95,5.99,3.99,8.76,3.04,0.59,4.33,5.53,2.82,1.12,7.2,2.5,2.02,3.01,6.98,3.18,1.57,2.84,2.36,2.58,8.95,3.59,3.13,6.52,4.2,5.46,0.96,3.42,9.2,3.07,1.63,0,5.33,6.06,2.28,7.09,1.07,4.44,1.88,1.51,2.58,1.19,5.17,0.05,2.84,2.24,2.05,4.5,2.31,0,0,0,2.06,0.38,8.28,0.06,8.67,1.18,0.05,12.53,0.73,0.05,9.79,0.96,0.15,4.58,2.68,0,4.79,0,0.07,0,2.21,8.11,4.15,3.36,7.69,5.24,4.55,0.94,2.57,3.39,0.39,0.6,8.24,7.57,2.83,6.57,7.82,2.8,0,3.28,3.03,0,n.a.,n.a.,n.a.,0,0.91,4.33,3.47,7.71,4.19,n.a.,n.a.,n.a.,n.a.,n.a.,n.a.,n.a.,n.a.,n.a.,n.a.,n.a.,n.a.,n.a.,n.a.,n.a.,n.a.,n.a.,n.a.,n.a.,3.45,14.4,0,2,10.98,0,5.25,4.12,0,10.43,0,0,6.93,0,3.41,0.21,3.71,0,4.22,1.88,0,7.32,0,0,3.99,3.04,0,0,1.87
           21) ไม่ทราบ,37.17,28.45,31.83,30.96,18.96,39.18,33.71,19.54,22.79,35.35,30.71,32.57,33.55,25.18,38.71,20.83,35.76,38.99,62.98,41.8,22.27,29.05,32.07,27.66,32.63,27.71,53.1,54.78,26.37,43.18,76.89,136.63,55.42,34.91,45.1,31.81,83.59,44.2,33.7,41,65.96,77.27,65.76,60.65,116.08,48.92,39.89,52.69,66.6,34.59,72.67,27.06,62.5,67.36,79.72,138.58,61.88,51.19,71.7,53.89,64.79,64.5,76.48,56.5,82.89,57.78,88.43,117.98,94.53,66.77,82.17,98.51,46.53,35.55,43.83,104.8,97.82,96.01,107.53,121,109.33,85.69,97.92,78.84,100.01,57,88.05,64.54,96.64,64.38,85,81.79,67.53,55.97,47.59,60.51,85.12,73.08,57.01,125.66,87.57,55.34,95.91,84.78,65.85,48.06,59.21,62.53,67.08,42.95,78.97,n.a.,n.a.,n.a.,32.05,31.16,53.77,57.82,53.82,71.82,n.a.,n.a.,n.a.,n.a.,n.a.,n.a.,n.a.,n.a.,n.a.,n.a.,n.a.,n.a.,n.a.,n.a.,n.a.,n.a.,n.a.,n.a.,n.a.,87.52,50.1,18.48,33.58,35.51,54.06,71.76,22.76,14.32,57.98,23.45,17.93,44.33,17.94,64.27,26.63,63.52,54.61,38.8,52.27,45.88,47.39,16.82,76.18,102.41,114.09,63.73,108.86,65.08
    2.2.ผู้ว่างงาน,373.93,267.65,276.4,284.73,203.57,162.65,205.91,270.41,295.26,219.23,321.95,171.65,314.46,256.34,284.65,376.5,359.02,266.85,225.95,224.21,247.04,222.52,157.58,190.64,321.02,245.08,270.52,346.52,302.5,219.45,355.24,316.83,263.71,241.35,284.01,248.18,361.43,331.14,340.72,344.07,362.18,447.63,378.79,286.65,310.51,288.5,209.96,219.79,404.01,315.91,378.07,323.87,354.39,321.8,384.8,377.32,300.14,328.6,346.05,254.67,346.54,335.4,396.95,396.04,453.49,392.26,391.27,359.97,333.66,450.03,378.3,302.91,448.8,429.71,495.67,472.97,501.35,414.93,476.33,425.22,443.42,480.58,435.23,363.86,474.55,490.83,440.3,404.5,401.71,426.37,382.47,402.55,372.84,383.93,369.12,349.41,389.61,299.96,346.48,363.99,426.05,363.13,436.07,381.74,384.98,354.74,429.33,366.95,405.51,419.5,391.77,n.a.,n.a.,n.a.,830.95,723.9,693,810.19,783.76,589.66,n.a.,n.a.,n.a.,n.a.,n.a.,n.a.,n.a.,n.a.,n.a.,n.a.,n.a.,n.a.,n.a.,n.a.,n.a.,n.a.,n.a.,n.a.,n.a.,492.91,462.83,559.76,465.42,385,490.46,358,415.54,413.42,515.07,360.45,468.21,397.84,341.84,341.13,329.49,320.96,431.91,399.06,397.36,436.43,481.93,378.53,432.06,444.12,343.1,387.13,382.63,318.84
    (อัตราการว่างงาน),0.98,0.7,0.72,0.75,0.53,0.42,0.52,0.68,0.75,0.56,0.82,0.43,0.81,0.66,0.73,0.97,0.92,0.67,0.56,0.56,0.63,0.56,0.39,0.48,0.83,0.62,0.69,0.89,0.77,0.55,0.89,0.81,0.67,0.62,0.72,0.62,0.94,0.86,0.88,0.9,0.94,1.15,0.97,0.74,0.8,0.75,0.55,0.56,1.06,0.82,0.99,0.85,0.93,0.83,1,0.97,0.78,0.85,0.9,0.65,0.91,0.87,1.04,1.04,1.2,1.01,1.01,0.93,0.87,1.19,0.99,0.8,1.18,1.12,1.29,1.25,1.32,1.07,1.24,1.12,1.17,1.29,1.14,0.96,1.26,1.28,1.16,1.06,1.04,1.1,0.98,1.04,0.97,1.01,0.95,0.91,1.02,0.78,0.9,0.96,1.11,0.94,1.14,1,1.02,0.95,1.12,0.96,1.07,1.09,1.03,n.a.,n.a.,n.a.,2.15,1.86,1.79,2.09,2,1.49,n.a.,n.a.,n.a.,n.a.,n.a.,n.a.,n.a.,n.a.,n.a.,n.a.,n.a.,n.a.,n.a.,n.a.,n.a.,n.a.,n.a.,n.a.,n.a.,1.22,1.15,1.4,1.15,0.96,1.22,0.88,1.03,1.03,1.28,0.89,1.15,0.98,0.85,0.85,0.8,0.79,1.08,0.98,0.98,1.1,1.21,0.93,1.07,1.1,0.84,0.97,0.94,0.78
           ไม่เคยทำงานมาก่อน,106.16,113.29,103.17,85.96,21.51,35.38,104.49,117.53,150.57,50.29,88.81,49.1,104.08,83.51,87.38,167.94,156.95,121.08,126.29,127.52,107.46,61.58,56.15,66.02,99.42,101.94,101.5,143.51,170.64,120.77,195.83,144.83,137.48,90.13,129.68,124,142.69,135.47,161.25,172.29,201.95,203.37,168.62,137.65,155.31,110.89,113.77,87.28,163.78,152.13,182.64,150.85,210.59,157.63,177.69,212.18,137.54,147.19,123.69,86.74,147.03,145.3,172.12,192.15,181.32,217.33,192.79,204.76,165.58,210.32,176.33,107.48,190.38,182.93,221.79,260.01,249.72,227.71,291.7,223.62,234.61,250.66,214.59,213.87,205.82,234.75,213.65,232.48,209.22,244.43,204.12,219.65,178,178.94,189.14,181.36,179.2,156.69,191.15,207.88,224.76,216.06,220.25,188.49,212.38,169.57,187.43,172.23,176.02,193.8,205.13,n.a.,n.a.,n.a.,270.79,295.25,226.26,262.98,280.07,183.69,n.a.,n.a.,n.a.,n.a.,n.a.,n.a.,n.a.,n.a.,n.a.,n.a.,n.a.,n.a.,n.a.,n.a.,n.a.,n.a.,n.a.,n.a.,n.a.,274.83,251.22,270.69,266.68,205.51,231.18,171.41,224.98,259.91,305.23,204.24,273.66,185.8,202.87,211.59,156.32,142.06,182.6,179.73,230.48,235.1,280.56,198.53,241.48,239.21,174.73,199.37,202.63,151.07
    2.3.กำลังแรงงานที่รอฤดูกาล,263.57,255.04,346.91,274.76,339.16,77.03,15.83,53.24,73.21,299.18,152.05,119.58,377.79,484.16,475.41,388.98,379.49,87.07,17.78,33.47,39.22,58.27,40.24,81.87,348.66,284.85,332.77,416.16,344.89,77.35,30.62,49.42,64.95,124.31,96.8,74.23,277.65,244.95,374.31,349.83,247.11,103.09,34.15,67.17,88.39,101.14,102.04,78.61,246.58,269.58,369.48,429.96,347.92,153.13,133.54,70.99,31.37,53.23,95.43,37.41,204.37,210.9,344.73,397.43,502.07,141.58,52.62,38.43,73.15,133.82,73.62,129.2,275,267.12,364.27,323.65,374.9,86.58,48.61,52.06,96.24,85.25,124.06,161.7,242.92,329.37,329.08,304.58,180.03,58.81,41.94,38.55,66.95,90.49,109.58,138.43,311.46,237.63,380.72,330.52,354.26,82.91,43.24,74.44,124.67,86.48,80.33,179.12,284,355.28,489.54,n.a.,n.a.,n.a.,65.79,62.36,57.89,48.02,66.46,99.74,n.a.,n.a.,n.a.,n.a.,n.a.,n.a.,n.a.,n.a.,n.a.,n.a.,n.a.,n.a.,n.a.,n.a.,n.a.,n.a.,n.a.,n.a.,n.a.,22.15,53.18,90.4,78.47,100.75,240.78,215.79,252.59,291.34,231.03,42.31,20.27,30.84,66.81,78.58,41.42,175.14,249.89,222.28,263.77,262.17,367.44,102.14,39.11,20.07,35.85,46.71,45.79,114.26
    (สัดส่วนกำลังแรงงานที่รอฤดูกาลต่อกำลังแรงงาน),0.69,0.67,0.9,0.72,0.88,0.2,0.04,0.13,0.19,0.77,0.39,0.3,0.98,1.25,1.22,1,0.97,0.22,0.04,0.08,0.1,0.15,0.1,0.21,0.9,0.72,0.85,1.07,0.87,0.19,0.08,0.13,0.17,0.32,0.24,0.19,0.72,0.64,0.97,0.92,0.64,0.26,0.09,0.17,0.23,0.26,0.27,0.2,0.65,0.7,0.96,1.12,0.91,0.4,0.35,0.18,0.08,0.14,0.25,0.1,0.54,0.55,0.9,1.05,1.33,0.37,0.14,0.1,0.19,0.35,0.19,0.34,0.72,0.7,0.95,0.85,0.99,0.22,0.13,0.14,0.25,0.23,0.32,0.43,0.64,0.86,0.86,0.8,0.47,0.15,0.11,0.1,0.17,0.24,0.28,0.36,0.82,0.62,0.99,0.87,0.92,0.21,0.11,0.2,0.33,0.23,0.21,0.47,0.75,0.93,1.28,n.a.,n.a.,n.a.,0.17,0.16,0.15,0.12,0.17,0.25,n.a.,n.a.,n.a.,n.a.,n.a.,n.a.,n.a.,n.a.,n.a.,n.a.,n.a.,n.a.,n.a.,n.a.,n.a.,n.a.,n.a.,n.a.,n.a.,0.06,0.13,0.23,0.19,0.25,0.6,0.53,0.62,0.73,0.57,0.1,0.05,0.08,0.17,0.19,0.1,0.43,0.63,0.55,0.65,0.66,0.92,0.25,0.1,0.05,0.09,0.12,0.11,0.28
3.ไม่อยู่ในกำลังแรงงานอายุ 15 ปีขึ้นไป,15704.03,15731.51,15418.95,15966.47,15578.92,14860,14262.05,14310.42,14879.43,15336.89,14742.74,14452.42,15660.45,15524.18,15410.27,15499.59,15445.72,14613.66,14443.94,14780.39,15179.79,15168.39,14529.02,14921.49,16037.71,15490.74,15521.43,16132.15,15470.95,14819.42,15299.2,15777.8,15806.52,16137.21,15578.41,15444.9,16218.61,16374.18,16105.84,16733.81,16422.14,15902.61,15967.52,16173.89,16078.56,16653.92,16521,16061.8,17046.9,16567.77,16753.58,16874.38,16916.82,16519.52,16641.14,16350.03,16667.47,16881.67,16823.45,16245.28,17314.24,17055.02,17150.51,17511.23,17796.41,16898.89,16793.59,16800.15,17408.2,17994.51,17631.02,17978.35,17862.98,17447.74,17537.43,17998.63,17938.93,17127.28,17476.98,17926.16,18242.12,18837.53,17798.46,18390.26,18341.16,17737.89,18075.72,18223.59,17694.76,17417.54,17246.4,17594.61,17953.65,18290.29,17649.12,18061.88,18243.12,18143.15,17991.66,18483.4,18122,17744.71,18500.95,18540.52,18914.32,19219.36,18457.12,18493.65,18849.5,18342.28,18555.77,n.a.,n.a.,n.a.,18162.1,18048.76,18291.11,18163.85,17821.48,17509.19,n.a.,n.a.,n.a.,n.a.,n.a.,n.a.,n.a.,n.a.,n.a.,n.a.,n.a.,n.a.,n.a.,n.a.,n.a.,n.a.,n.a.,n.a.,n.a.,18402.9,18585.73,18861.29,18372.94,18457.4,18708.96,18320.55,18381.65,18878.34,18531.85,18219.38,18326.24,18284.5,18671.85,18639.5,17917.61,18426.9,19264.21,18557.58,18670.11,19356.71,19179.48,18314.89,18781.78,18849.8,18558.8,19209.89,18448.41,18552.78
           1) ทำงานบ้าน,4992.47,4843,4842.71,5015.12,5065.94,4627.85,4316.86,4231.76,4526.51,4514.48,4222.83,4256.69,4800.56,4687.31,4679.55,4947.24,4713.85,4418.95,4032.12,4342.24,4444.55,4434.29,4067.87,4444.74,4712.07,4588.54,4687.35,5034.02,4850.06,4353.62,4373.54,4604.43,4655.43,4891.85,4542.61,4610.41,4764.18,4609.23,4812.91,5132.79,5080.51,4699.37,4594.3,4779.38,4899.68,5046.81,4817.02,4827.8,4932.75,4787.06,5010.05,5144.41,5176.45,4959.73,4929.09,4614.43,4969.31,5017.38,4955.52,4743.24,5032.05,4843.06,4938.08,5469.23,5510.77,5089.02,4955.22,4899.38,5240.59,5573.12,5246.27,5438.92,5300.24,4991.93,5100.79,5358.42,5388.89,5155.37,5074.26,5216.92,5523.82,5723.59,5212.2,5611.52,5433.96,5324.55,5266.99,5571.16,5376.54,5094.19,5059.35,5380.09,5518.13,5447.04,5142.12,5339.91,5109.71,5130.12,5091.1,5301.75,5359.17,5205.36,5277.14,5567.16,5635.71,5663.57,5513.26,5420.55,5262.89,5221.2,5171.56,n.a.,n.a.,n.a.,4955.26,4989.32,5172.39,5007.63,4764.55,4740.88,n.a.,n.a.,n.a.,n.a.,n.a.,n.a.,n.a.,n.a.,n.a.,n.a.,n.a.,n.a.,n.a.,n.a.,n.a.,n.a.,n.a.,n.a.,n.a.,4866.99,5304.57,5331.49,4992.59,5165.43,5230.35,4906.74,5015.49,5242.02,5057.27,4976.69,4836.94,5056.99,5101.52,5062.69,4884.79,5077.9,5104.54,4752.49,4911.38,5034.48,4871.54,4529.08,4426.3,4643.45,4638.15,4778.22,4455.4,4479.82
           2) เรียนหนังสือ,4404.83,4617.09,4372.9,4186.07,4189.43,4463.63,4251.11,4373.99,4487.77,4327.75,4430.84,4267.97,4391.14,4528.51,4319.98,3983.36,4036.57,4299.27,4418.27,4271.67,4498.61,4278.37,4377.69,4415.75,4520.54,4550.19,4363.86,4069.77,4070.52,4322.99,4269.84,4408.6,4402.59,4428.81,4495.1,4313.68,4362.87,4634.73,4305.43,4121.4,4273.74,4264.47,4399.56,4431.03,4283.81,4495.67,4584.51,4300.89,4588.58,4537.86,4390.52,4235.72,4449.84,4401.05,4385.43,4557.64,4390.73,4401.04,4557.05,4172.22,4524.77,4526.43,4371.06,4131.45,4367.22,4311.25,4306.48,4414.41,4279.31,4287.32,4442.1,4347.96,4552.59,4513.65,4428.2,4353.84,4359.62,4255.11,4363.69,4523.39,4352.61,4436.65,4386.89,4263.7,4498.25,4383.15,4564.36,4304.56,4243.16,4422.92,4236.98,4135.21,4220.32,4410,4140.01,4243.06,4448.02,4446.61,4521.79,4456.92,4141.43,4508.71,4531.86,4220.9,4386.8,4312.83,4129.46,4229.64,4519.72,4422.44,4526.72,n.a.,n.a.,n.a.,4508.68,4275.39,4255.61,4313.09,4202.29,4074.07,n.a.,n.a.,n.a.,n.a.,n.a.,n.a.,n.a.,n.a.,n.a.,n.a.,n.a.,n.a.,n.a.,n.a.,n.a.,n.a.,n.a.,n.a.,n.a.,4784.79,4557.03,4482.62,4700.3,4645.18,4692.36,4763.71,4738.41,4593.61,4675.02,4584.17,4611.05,4626.74,4733.31,4661.61,4485.98,4512.94,4788.62,4634.47,4553.6,4575.11,4475.24,4503.19,4726.29,4594.92,4505.23,4760.96,4621.38,4512.35
           3) ยังเด็ก ชรา/ไม่สามารถทำงานได้,4886.72,4838,4818.44,4886.73,4908.27,4657.39,4591.12,4605.23,4751.2,4868.23,4596.19,4536.62,4720.71,4718.62,4702.67,4588.82,4740.18,4589.05,4628.85,4726.65,4804.88,4866.87,4715.23,4685.51,5062.08,4882.6,4954.17,5018.68,4985.75,4780.71,5026.54,5062.18,5120.56,5188.61,5047.31,4990.26,5264.43,5463.35,5402.46,5475.88,5450.83,5444.99,5336.62,5367.69,5333.81,5365.08,5475.15,5361.22,5646.42,5525.8,5588.57,5530.29,5512.36,5428.39,5628.41,5595.09,5653.67,5724.92,5668.82,5647.67,5877.39,5900.02,6052.89,6007.13,5955.37,5873.02,5838.85,5783.89,6071.82,6107.18,6059.18,6180.75,6052.97,6168.37,6328.22,6172.33,6217.08,6115.85,6282.79,6295.75,6660.22,6548.19,6383.85,6581.34,6443.26,6340.48,6524.91,6361.46,6325.43,6238.79,6399.93,6418.13,6534.85,6600.02,6539.66,6860.09,6541.53,6768.81,6634.32,6621.18,6763.68,6434.81,6768.25,6881.23,7203.32,7071.17,6895.42,6979.54,6886.81,6772.78,6933.55,n.a.,n.a.,n.a.,6785.19,6984.76,7110.44,6857.49,7006.89,6861.21,n.a.,n.a.,n.a.,n.a.,n.a.,n.a.,n.a.,n.a.,n.a.,n.a.,n.a.,n.a.,n.a.,n.a.,n.a.,n.a.,n.a.,n.a.,n.a.,6787,6889.06,7044.38,6735.28,6896.25,6800.93,6733.35,6759.74,6962.98,6911.22,6879.27,6909.28,6765,7084.39,7112.95,6794.92,7177.81,7542.7,7017.4,7001.79,7271.39,7300.73,7170.44,7197.53,7217.51,7192.43,7263.14,7130.43,7247.23
           4) อื่น ๆ,1420.02,1433.43,1384.89,1878.55,1415.29,1111.13,1102.95,1099.45,1113.93,1626.44,1492.88,1391.14,1748.04,1589.75,1708.08,1980.18,1955.12,1306.38,1364.68,1439.82,1431.75,1588.85,1368.23,1375.49,1743.03,1469.41,1516.05,2009.69,1564.63,1362.11,1629.28,1702.6,1627.95,1627.94,1493.4,1530.55,1827.14,1666.88,1585.04,2003.73,1617.06,1493.77,1637.05,1595.78,1561.25,1746.36,1644.33,1571.89,1879.15,1717.05,1764.43,1963.96,1778.18,1730.36,1698.22,1582.87,1653.75,1738.33,1642.06,1682.15,1880.03,1785.52,1788.49,1903.42,1963.06,1625.61,1693.04,1702.47,1816.48,2026.9,1883.47,2010.72,1957.18,1773.79,1680.22,2114.04,1973.35,1600.95,1756.23,1890.09,1705.47,2129.1,1815.52,1933.7,1965.69,1689.71,1719.45,1986.41,1749.63,1661.63,1550.14,1661.17,1680.35,1833.24,1827.33,1618.82,2143.87,1797.61,1744.44,2103.55,1857.73,1595.84,1923.71,1871.22,1688.48,2171.79,1918.98,1863.93,2180.09,1925.86,1923.95,n.a.,n.a.,n.a.,1912.97,1799.3,1752.67,1985.65,1847.75,1833.04,n.a.,n.a.,n.a.,n.a.,n.a.,n.a.,n.a.,n.a.,n.a.,n.a.,n.a.,n.a.,n.a.,n.a.,n.a.,n.a.,n.a.,n.a.,n.a.,1964.12,1835.07,2002.81,1944.78,1750.54,1985.33,1916.75,1868.02,2079.74,1888.34,1779.25,1968.97,1835.77,1752.64,1802.26,1751.91,1658.25,1828.36,2153.21,2203.35,2475.72,2531.96,2112.16,2431.67,2393.92,2222.99,2407.58,2241.2,2313.38